URL,link,type,alternative link
https://www.youtube.com/,https://accounts.google.com/signin/v2/identifier?service=youtube&uilel=3&passive=true&continue=https%3A%2F%2Fwww.youtube.com%2Fsignin%3Faction_handle_signin%3Dtrue%26app%3Ddesktop%26hl%3Den-GB%26next%3Dhttps%253A%252F%252Fwww.youtube.com%252F&hl=en-GB&ec=65620&flowName=GlifWebSignIn&flowEntry=ServiceLogin,,
https://www.google.com/,https://accounts.google.com/signin/v2/identifier?hl=en&passive=true&continue=https%3A%2F%2Fwww.google.com%2F&ec=GAZAAQ&flowName=GlifWebSignIn&flowEntry=ServiceLogin,,
https://www.tmall.com/,https://login.tmall.com/?spm=875.7931836/B.a2226mz.1.66144265toiYnw&redirectURL=https%3A%2F%2Fwww.tmall.com%2F,,
http://www.baidu.com/,"<div class=""pass-login-pop-form"">",popup,
https://www.qq.com/?fromdefault,https://graph.qq.com/oauth2.0/show?which=Login&display=pc&response_type=code&client_id=101487368&redirect_uri=https%3A%2F%2Fpacaio.match.qq.com%2Fqq%2FloginBack%3Fsurl%3Dhttps%3A%2F%2Fwww.qq.com%2F%3Ffromdefault&state=5b481c68e379d,,https://mail.qq.com/
http://sohu.com/,"<li data-role=""mobilelogin-bar"" class=""cur"">",popup,
http://taobao.com/,https://login.taobao.com/member/login.jhtml?spm=a21wu.241046-sg.754894437.1.41cab6cb8oCb22&f=top&redirectURL=https%3A%2F%2Fworld.taobao.com%2F,,
https://www.amazon.com/,https://www.amazon.com/ap/signin?openid.pape.max_auth_age=0&openid.return_to=https%3A%2F%2Fwww.amazon.com%2F%3Fref_%3Dnav_signin&openid.identity=http%3A%2F%2Fspecs.openid.net%2Fauth%2F2.0%2Fidentifier_select&openid.assoc_handle=usflex&openid.mode=checkid_setup&openid.claimed_id=http%3A%2F%2Fspecs.openid.net%2Fauth%2F2.0%2Fidentifier_select&openid.ns=http%3A%2F%2Fspecs.openid.net%2Fauth%2F2.0&,,
https://www.360.cn/,https://i.360.cn/login/?src=pcw_home&destUrl=https://www.360.cn/,,
https://safe.online.360.cn/?src=guanwanghead,https://safe.online.360.cn/signup.html,,
https://global.jd.com/,https://passport.jd.com/new/login.aspx?ReturnUrl=https%3A%2F%2Fglobal.jd.com%2F,,
https://sg.yahoo.com/?p=us,https://login.yahoo.com/?.src=fpctx&.intl=sg&.lang=en-SG&.done=https://sg.yahoo.com&pspid=2142378882,,
https://zoom.us/,https://zoom.us/signin,,
https://weibo.com/sg,https://weibo.com/sg,present,
https://www.reddit.com/,https://www.reddit.com/login/?dest=https%3A%2F%2Fwww.reddit.com%2F,,
https://outlook.live.com/owa/,https://login.live.com/login.srf?wa=wsignin1.0&rpsnv=13&ct=1607440695&rver=7.0.6737.0&wp=MBI_SSL&wreply=https%3a%2f%2foutlook.live.com%2fowa%2f%3fnlp%3d1%26RpsCsrfState%3d83354ca0-924a-625a-49c8-b56a3bc8be92&id=292841&aadredir=1&CBCXT=out&lw=1&fl=dob%2cflname%2cwld&cobrandid=90015,,
https://www.sina.com.cn/,"<div class=""otwo_d_wrap"" node-type=""layerleft_preloginThumb"">",popup,
http://xinhuanet.com/,None,None,
https://www.netflix.com/sg/,https://www.netflix.com/sg/login,,
https://vk.com/,https://vk.com/,present,
https://www.office.com/,https://login.microsoftonline.com/common/oauth2/authorize?client_id=4345a7b9-9a63-4910-a426-35363201d503&redirect_uri=https%3A%2F%2Fwww.office.com%2Flanding&response_type=code%20id_token&scope=openid%20profile&response_mode=form_post&nonce=637430377421791976.ODAxNjYzNDYtOGQwOS00MmZmLTlhMTQtNjYxNTEzMTk5M2QxMmMxNjc1YjQtMDYzNi00MmZkLWJlMjEtYTg3MTU5ODMyNDg4&ui_locales=en-GB&mkt=en-GB&client-request-id=6952e6f6-909f-469a-b316-d238cea9cd41&state=yTZ9M2p9cAphmNJ92eYhFrwfSP38lG2rZKBaVfDMsp3y5hY-JAFp4dsSiJt00Yvc-D7MXcB3Kl-0QOQ2N9ssCTWuNKmfe0U-mKIBkB14_1W86h8CH19QBMfjBiaBpGn5IkFcG_V5NfDE-L8OTBleFhTdJbCRtaMcMPB6pX-nxauOZETJLKtJ_UA41aNMAZ1yY6GJUaSYdBaZDYLKGm7pGaRZ33xMI5aT7ib8kglTkmtgHOXybpKKHefsxs3wdBvjM2OZV4o4fGtcLC_aBgYsNA&x-client-SKU=ID_NETSTANDARD2_0&x-client-ver=6.6.0.0&sso_reload=true,,
https://www.instagram.com/,https://www.instagram.com/,present,
https://www.okezone.com/,https://id.okezone.com/users/sign_in,,
https://www.alipay.com/,https://auth.alipay.com/login/index.htm?goto=https%3A%2F%2Fwww.alipay.com%2F,,
https://www.csdn.net/,https://passport.csdn.net/login?code=public,,
https://www.zhanqi.tv/,"<div class=""accounts-login""> ",popup,
https://www.yahoo.co.jp/,https://login.yahoo.co.jp/config/login?.src=ym&.done=https%3A%2F%2Fmail.yahoo.co.jp%2F,,
https://www.google.com.hk/?gws_rd=ssl,https://accounts.google.com/signin/v2/identifier?hl=en&passive=true&continue=https%3A%2F%2Fwww.google.com.hk%2F%3Fgws_rd%3Dssl&ec=GAZAAQ&flowName=GlifWebSignIn&flowEntry=ServiceLogin,,
https://www.twitch.tv/,"<div class=""auth-modal__left-content tw-overflow-auto"">",popup,
https://www.aliexpress.com/,"<div class=""fm-dialog-body"" data-spm-anchor-id=""a2g0o.home.0.i1.650c2145QoGTED"">",popup,
https://www.bing.com/?toWww=1&redig=A65111889F954E53ABC508678AFB9917,https://login.live.com/login.srf?wa=wsignin1.0&rpsnv=13&ct=1607441254&rver=6.7.6631.0&wp=MBI_SSL&wreply=https%3a%2f%2fwww.bing.com%2fsecure%2fPassport.aspx%3frequrl%3dhttps%253a%252f%252fwww.bing.com%252f%253ftoWww%253d1%2526redig%253dA65111889F954E53ABC508678AFB9917%2526wlexpsignin%253d1%26sig%3d1A576496059565660E716B0C04076421&lc=2057&id=264960&CSRFToken=621a881f-9501-4582-8120-f5705eccf196&aadredir=1,,
https://www.ebay.com/,https://signin.ebay.com/ws/eBayISAPI.dll?SignIn&ru=https%3A%2F%2Fwww.ebay.com%2F,,
https://www.apple.com/,https://secure4.store.apple.com/shop/signIn?c=aHR0cHM6Ly93d3cuYXBwbGUuY29tL3wxYW9zZTQyMmM4Y2NkMTc4NWJhN2U2ZDI2NWFmYWU3NWI4YTJhZGIyYzAwZQ&r=SCDHYHP7CY4H9XK2H&s=aHR0cHM6Ly93d3cuYXBwbGUuY29tL3wxYW9zZTQyMmM4Y2NkMTc4NWJhN2U2ZDI2NWFmYWU3NWI4YTJhZGIyYzAwZQ,,
https://www.naver.com/,https://nid.naver.com/nidlogin.login?mode=form&url=https%3A%2F%2Fwww.naver.com,,
http://www.tianya.cn/,http://www.tianya.cn/,,
https://www.amazon.in/,https://www.amazon.in/ap/signin?openid.pape.max_auth_age=0&openid.return_to=https%3A%2F%2Fwww.amazon.in%2F%3Fref_%3Dnav_signin&openid.identity=http%3A%2F%2Fspecs.openid.net%2Fauth%2F2.0%2Fidentifier_select&openid.assoc_handle=inflex&openid.mode=checkid_setup&openid.claimed_id=http%3A%2F%2Fspecs.openid.net%2Fauth%2F2.0%2Fidentifier_select&openid.ns=http%3A%2F%2Fspecs.openid.net%2Fauth%2F2.0&,,
http://amazon.co.jp/,https://www.amazon.co.jp/ap/signin?openid.pape.max_auth_age=0&openid.return_to=https%3A%2F%2Fwww.amazon.co.jp%2F%3Fref_%3Dnav_ya_signin&openid.identity=http%3A%2F%2Fspecs.openid.net%2Fauth%2F2.0%2Fidentifier_select&openid.assoc_handle=jpflex&openid.mode=checkid_setup&openid.claimed_id=http%3A%2F%2Fspecs.openid.net%2Fauth%2F2.0%2Fidentifier_select&openid.ns=http%3A%2F%2Fspecs.openid.net%2Fauth%2F2.0&,,
https://twitter.com/,https://twitter.com/login,,
https://www.adobe.com/,https://auth.services.adobe.com/en_US/index.html?callback=https%3A%2F%2Fims-na1.adobelogin.com%2Fims%2Fadobeid%2Fadobedotcom2%2FAdobeID%2Ftoken%3Fredirect_uri%3Dhttps%253A%252F%252Fwww.adobe.com%252F%2523from_ims%253Dtrue%2526old_hash%253D%2526api%253Dauthorize%26state%3D%257B%2522ac%2522%253A%2522%2522%257D%26code_challenge_method%3Dplain%26use_ms_for_expiry%3Dtrue&client_id=adobedotcom2&scope=creative_cloud%2CAdobeID%2Copenid%2Cgnav%2Cread_organizations%2Cadditional_info.projectedProductContext%2Csao.ACOM_CLOUD_STORAGE%2Csao.stock%2Csao.cce_private%2Cadditional_info.roles&denied_callback=https%3A%2F%2Fims-na1.adobelogin.com%2Fims%2Fdenied%2Fadobedotcom2%3Fredirect_uri%3Dhttps%253A%252F%252Fwww.adobe.com%252F%2523from_ims%253Dtrue%2526old_hash%253D%2526api%253Dauthorize%26response_type%3Dtoken%26state%3D%257B%2522ac%2522%253A%2522%2522%257D&state=%7B%22ac%22%3A%22%22%7D&relay=ea86ce8f-0ef0-4672-8783-130397bbf9b6&locale=en_US&flow_type=token&idp_flow_type=login#/,,
https://stackoverflow.com/,https://stackoverflow.com/users/login?ssrc=head&returnurl=https%3a%2f%2fstackoverflow.com%2f,,
https://www.huanqiu.com/,https://i.huanqiu.com/login,,
https://www.yy.com/,"<div class=""m_form m_qrcodeLogin"" id=""m_qrcodeLogin"" >",popup,
https://yandex.ru/,https://passport.yandex.ru/auth?origin=home_desktop_ru&retpath=https%3A%2F%2Fmail.yandex.ru%2F&backpath=https%3A%2F%2Fyandex.ru,,
https://www.msn.com/en-sg/,https://login.live.com/login.srf?wa=wsignin1.0&rpsnv=13&ct=1607441941&rver=7.0.6730.0&wp=LBI&wreply=https%3a%2f%2fwww.msn.com%2fen-sg%2fhomepage%2fSecure%2fPassport%3fru%3dhttps%253a%252f%252fwww.msn.com%252fen-sg%252f%253fpfr%253d1&lc=1033&id=1184&mkt=en-sg&pcexp=True,,
https://medium.com/,https://medium.com/m/signin?operation=login&redirect=https%3A%2F%2Fmedium.com%2F&source=--------------------------lo_home_nav-----------,,
https://mail.ru/,https://mail.ru/,present,
https://www.linkedin.com/home,https://www.linkedin.com/login?fromSignIn=true&trk=guest_homepage-basic_nav-header-signin,,
https://wordpress.com/,https://wordpress.com/log-in?redirect_to=https%3A%2F%2Fwordpress.com%2F,,
https://www.huanqiu.com/,https://i.huanqiu.com/login,,
https://www.aparat.com/,"<div class=""modal-content"">",popup,
https://www.dropbox.com/?_hp=c,https://www.dropbox.com/?_hp=c,present,
https://www.tribunnews.com/,https://account.tribunnews.com/login/dHJpYnVubmV3cw==/aHR0cHM6Ly93d3cudHJpYnVubmV3cy5jb20v?_ga=2.115442884.356793391.1607441897-373587517.1607441897,,
https://edition.cnn.com/,"<div mode=""dark"" aria-modal=""true"" class=""Box-sc-1fet97o-0 indexes__ModalWrapper-cuu603-1 fsxwNg"">",popup,
http://17ok.com/,http://www.17ok.com/login_2018/register.html,,
https://aws.amazon.com/,https://console.aws.amazon.com/console/home?nc2=h_ct&src=header-signin,,
https://www.imdb.com/,https://www.imdb.com/registration/signin?ref=nv_generic_lgin&u=%2F,,
https://trello.com/,https://trello.com/login,,
https://www.rakuten.co.jp/,https://grp01.id.rakuten.co.jp/rms/nid/vc?__event=login&service_id=top,,
https://www.flipkart.com/,"<div class=""_3wFoIb row"">",popup,
https://www.primevideo.com/,https://www.amazon.com/ap/signin?accountStatusPolicy=P1&clientContext=358-5861199-7558008&language=en_US&openid.assoc_handle=amzn_prime_video_desktop_us&openid.claimed_id=http%3A%2F%2Fspecs.openid.net%2Fauth%2F2.0%2Fidentifier_select&openid.identity=http%3A%2F%2Fspecs.openid.net%2Fauth%2F2.0%2Fidentifier_select&openid.mode=checkid_setup&openid.ns=http%3A%2F%2Fspecs.openid.net%2Fauth%2F2.0&openid.ns.pape=http%3A%2F%2Fspecs.openid.net%2Fextensions%2Fpape%2F1.0&openid.pape.max_auth_age=0&openid.return_to=https%3A%2F%2Fwww.primevideo.com%2Fauth%2Freturn%2Fref%3Dav_auth_ap%3F_encoding%3DUTF8%26location%3D%252Fsignup%252Fref%253Ddvm_MLP_sg_Join_1_pm%253F_encoding%253DUTF8%2526deviceTypeId%253DA13Q6A55DBZB7M%2526offer%253Dpm,,
https://www.freepik.com/,"<div class=""content profile-login__forms"">",popup,
https://www.etsy.com/,"<div class=""wt-grid__item-xs-12"">",popup,
https://www.mama.cn/,https://passport.mama.cn/index/register/?key=tianjing&service=http%3A%2F%2Fwww.mama.cn%2F&t=1480682669&sign=346d14a0239b3685339900b79fc15227,,
https://sg.indeed.com/?r=us,https://secure.indeed.com/account/login?hl=en_SG&co=SG&continue=https%3A%2F%2Fsg.indeed.com%2F%3Fr%3Dus&tmpl=desktop&service=my&from=gnav-util-homepage&jsContinue=https%3A%2F%2Fsg.indeed.com%2F&empContinue=https%3A%2F%2Faccount.indeed.com%2Fmyaccess&_ga=2.74328465.2008953698.1607442214-1282143972.1607442214,,
https://www.nytimes.com/,https://myaccount.nytimes.com/auth/login?response_type=cookie&client_id=vi&redirect_uri=https%3A%2F%2Fwww.nytimes.com%2Fsubscription%2Fmultiproduct%2Flp8KQUS.html%3FcampaignId%3D7JFJX%26EXIT_URI%3Dhttps%253A%252F%252Fwww.nytimes.com%252F&asset=masthead,,
https://sg.alibabacloud.com/en,https://account.alibabacloud.com/login/login.htm?spm=a3c0i.239203.3156523820.38.870133aegOpgvB&lang=en&oauth_callback=https%3A%2F%2Fsg.alibabacloud.com%2Fen,,
https://www.spotify.com/sg-en/,https://accounts.spotify.com/login/?continue=https%3A//www.spotify.com/api/growth/l2l-redirect&_locale=en-SG,,
https://www.cnblogs.com/,https://account.cnblogs.com/signin/?returnUrl=https://www.cnblogs.com/,,
https://www.bbc.com/,https://account.bbc.com/signin?realm=%2F&clientId=Account&context=homepage&ptrt=https%3A%2F%2Fwww.bbc.com%2F&userOrigin=HOMEPAGE_GNL&isCasso=false&action=sign-in&redirectUri=https%3A%2F%2Fsession.bbc.com%2Fsession%2Fcallback%3Frealm%3D%2F&service=IdSignInService&nonce=v32LkQTD-DytQMA2T_HuUcEn-ptXF_3Ok0IA,,
http://www.jrj.com.cn/,https://sso.jrj.com.cn/sso/ssopassportlogin?ReturnURL=http://www.jrj.com.cn&fromId=JRJ,,
https://www.so.com/?src=so.com,"<div class=""quc-panel-hd"">",popup,
https://www.grid.id/,https://account.grid.id/login/Z3JpZA==/aHR0cHM6Ly93d3cuZ3JpZC5pZC8=,,
https://www.okta.com/,https://login.okta.com/?SAMLRequest=fc%2B7CsJAEAXQXvAflu1NNJUMeZBGELTx1a%2FrYILJTtyZGD%2FfSBRiYzlw77lMnD3rSj3Qc0ku0YtgrhU6S5fSXRN9PKxmS52l00nMpq6iBvJWCrfDe4ss6vStRe9aDzmGIZfo1jsgwyWDMzUyiIV9vt1AH4XGk5ClSvewUgMNa%2BYW%2FVj5jxhm9NLP67QQaSAMu64L6CYmsFSHlnzT4ZlLwTgcL6Sf8%2FeX9AU%3D,,
http://babytree.com/,http://www.babytree.com/reg/login.php?url=http%3A%2F%2Fbabytree.com%2F&type=top,,
https://www.kompas.com/,https://account.kompas.com/login/a29tcGFz/aHR0cHM6Ly93d3cua29tcGFzLmNvbS8=?_ga=2.74978194.1296933433.1607442729-823963816.1607442729,,
https://www.hao123.com/,"<div id=""passport-login-pop"" class=""tang-pass-pop-login-merge tang-pass-pop-login-tpl-hao123 tang-pass-pop-login-color-blue tang-pass-pop-login"" style=""left: 346px; top: 256px; z-index: 60001;"">",popup,
https://ok.ru/,https://ok.ru/,present,
https://www.espn.com.sg/,"<div id=""did-ui"" class=""wrapper"">",popup,
https://www.detik.com/,"<section class=""dtkid__form text-center"">",popup,
https://www.roblox.com/,https://www.roblox.com/login,,
https://www.pixnet.net/,https://member.pixnet.cc/login/verify?utm_source=PIXNET&utm_medium=Index_navbar_login,,
http://thestartmagazine.com/feed/summary,None,None,
https://www.walmart.com/,https://www.walmart.com/account/login?tid=0&returnUrl=%2F,,
https://www.udemy.com/,https://www.udemy.com/join/login-popup/?locale=en_US&response_type=html&next=https%3A%2F%2Fwww.udemy.com%2F,,
https://www.paypal.com/sg/home,paypal.com/sg/signin,,
https://soundcloud.com/,"<div class=""connect-form-pane"">",popup,
https://stackoverflow.com/,https://stackoverflow.com/users/login?ssrc=head&returnurl=https%3a%2f%2fstackoverflow.com%2f,,
https://www.microsoft.com/en-sg/microsoft-365?ms.url=office365com&rtc=1,https://login.live.com/login.srf?wa=wsignin1.0&rpsnv=13&rver=7.3.6963.0&wp=MBI_SSL&wreply=https%3a%2f%2fwww.microsoft.com%2fen-sg%2fmicrosoft-365%3fms.url%3doffice365com%26rtc%3d1&lc=18441&id=74335&aadredir=1,,
https://www.pikiran-rakyat.com/,None,None,
https://wetransfer.com/,https://wetransfer.com/log-in,,
https://github.com/,https://github.com/login,,
https://www.6.cn/,https://v.6.cn/logins.php,,
https://www.gome.com.cn/,https://login.gome.com.cn/login?intcmp=sy-public01002,,
https://www.tradingview.com/,"<div class=""tv-dialog__modal-body"">",popup,
https://stackexchange.com/,https://meta.stackexchange.com/users/login?returnurl=https%3a%2f%2fstackexchange.com%2fusers%2flogin-or-signup%2fdelegated%3freturnurl%3dhttps%253a%252f%252fstackexchange.com%253f_%253d586067442&cdl=1,,
https://www.google.com.hk/webhp?hl=zh-CN&sourceid=cnhp&gws_rd=ssl,https://accounts.google.com/ServiceLogin?hl=zh-CN&passive=true&continue=https://www.google.com.hk/webhp%3Fhl%3Dzh-CN%26sourceid%3Dcnhp%26gws_rd%3Dssl&ec=GAZAAQ,,
https://www.fandom.com/,https://www.fandom.com/signin?redirect=https%3A%2F%2Fwww.fandom.com%2F,,
https://www.tumblr.com/,https://www.tumblr.com/login,,
https://www.amazon.de/,https://www.amazon.de/ap/signin?openid.pape.max_auth_age=0&openid.return_to=https%3A%2F%2Fwww.amazon.de%2F%3Fref_%3Dnav_signin&openid.identity=http%3A%2F%2Fspecs.openid.net%2Fauth%2F2.0%2Fidentifier_select&openid.assoc_handle=deflex&openid.mode=checkid_setup&openid.claimed_id=http%3A%2F%2Fspecs.openid.net%2Fauth%2F2.0%2Fidentifier_select&openid.ns=http%3A%2F%2Fspecs.openid.net%2Fauth%2F2.0&,,
https://www.grammarly.com/,https://www.grammarly.com/signin?allowUtmParams=true,,
https://www.shutterstock.com/,"<div class=""e_j_31797"">",popup,
https://www.tiktok.com/,"<div class=""tiktok-app-container-12zKy"">",popup,
https://www.sindonews.com/,None,None,
https://www.google.es/?gws_rd=ssl,https://accounts.google.com/ServiceLogin?hl=en&passive=true&continue=https://www.google.es/%3Fgws_rd%3Dssl&ec=GAZAAQ,,
https://www.nih.gov/,None,None,
https://www.salesforce.com/ap/?ir=1,https://login.salesforce.com/?locale=ap,,
https://quizlet.com/en-gb,"<div class=""LoginPromptModal-socialButtons"">",popup,
https://en.savefrom.net/18/,None,None,
https://www.ilovepdf.com/,https://www.ilovepdf.com/login,,
https://www.indiatimes.com/,https://www.indiatimes.com/login,,
https://www.onlinesbi.com/,https://retail.onlinesbi.com/retail/login.htm,,
https://www.speedtest.net/,https://www.speedtest.net/login,,
https://www.chase.com/,https://secure05c.chase.com/web/auth/dashboard,,
https://vimeo.com/,"<div id=""dialog-content"" class=""iris_modal-content"">",popup,
https://www.bilibili.com/,https://passport.bilibili.com/login,,
https://www.foxnews.com/,https://my.foxnews.com/,,
https://www.pinterest.com/,"<div data-test-id=""full-page-signup-close-button"" class=""KO4 MIw QLY jar oy8 p6V rDA zI7 iyn Hsu"" style=""height: 40px; width: 40px;"">",popup,
https://www.bbc.com/,https://account.bbc.com/signin?realm=%2F&clientId=Account&context=homepage&ptrt=https%3A%2F%2Fwww.bbc.com%2F&userOrigin=HOMEPAGE_GNL&isCasso=false&action=sign-in&redirectUri=https%3A%2F%2Fsession.bbc.com%2Fsession%2Fcallback%3Frealm%3D%2F&service=IdSignInService&nonce=6Scwiw4E-Rlx3i3k_wsNmSOqYP7fhcZJ7W4k,,
https://www.washingtonpost.com/,https://www.washingtonpost.com/subscribe/signin/?next_url=&nid=top_pb_signin&arcId=undefined&itid=nav_sign_in,,
https://www.researchgate.net/,https://www.researchgate.net/login?_sg=pqiUIV22YpaL3DyPu4VD8Vd3Yx6TicHVFqq6JDj7eBjQ16uniOkI80TOfhsnipeAst7LVNPddgEr8YVvaNzrZw,,
https://www.tokopedia.com/,"<div class=""css-1caxldx"" data-testid=""loginform"">",popup,
https://www.iqiyi.com/,"<h2 class=""login-title"">",popup,
https://www.hotstar.com/sg,"<div class=""pnl-manager"">",popup,
https://www.booking.com/index.en-gb.html?label=gen173nr-1BCAEoggI46AdIM1gEaMkBiAEBmAEJuAEXyAEM2AEB6AEBiAIBqAIDuAKJ28H-BcACAdICJDg4Yzc3MGMzLWQyNGMtNGNjYi1hNzJlLTNmZWM5ZGZkNmNiMdgCBeACAQ;sid=6652cbf9b98192c369b9486bf15b3729;keep_landing=1&sb_price_type=total&,https://account.booking.com/sign-in?op_token=EgVvYXV0aCKXBQoUdk8xS2Jsazd4WDl0VW4yY3BaTFMSCWF1dGhvcml6ZRo1aHR0cHM6Ly9zZWN1cmUuYm9va2luZy5jb20vbG9naW4uaHRtbD9vcD1vYXV0aF9yZXR1cm4qtgRVcVVEQi10T2VybEdQRlJPRnVsV2RGUHM3LV9Cb2hGWmI2TlhTZHFiZUM1cEtNSkU4SW9UWjREZXBSQzllMTM2LXctRkpnbDlvNzUtdXZpRTNkUEpuUGI5TzlxQmpMaUdFRXBKaUZhODV5X2RGbW1YZmJmZl9seGRtWEpId1hiM05iUGN1VHlGbTBvdVZoWm1RSElPZzNUUTRudmJVY0txNnBkWVh3eGwzQlM2aHRSRHBkcWx1Y1FTSFBmdlBMbV9udFlSdU90QmhwWGJkME5BRWtRaVV1QVBOZC0yV05QcXRHbEJZTGlzdE5OcWJkOHhUVHV4M2VnOEljdG11cVQ5N2traFk1S3Bwb25aZGhwWEY2U0VOLWpxTEhoZHZ3bWRBXzA0RzJqQm4zX0Ntbkx0TnR2TXFUXzRNOUVtVW5pU1BxT1JFUmhWZG8xVzNrOVlKWWl2RkNDVTJMcWpURVQwWUFUTVZXdk9xQzNCTHhyX1lWVGJVSGVmaTBpQ25uZW9GWXZFU05DaERIaTNQUzZIclRHeVlxY3hDcTBRLWVhbDY2eXVnSmVadlZUZXhiT2szb01UODN5a1d4aHBJY2ZNQ2ZJSHhFOGlSdWYtLXRJX0xxaUozZWYzRWNqajVIMmcwVmpLc2E3NElLLWdxN2Jxb2d6N2ktWGE5MWRENGFlZHJfNzZMQ190UHlXdkJyREpNYWRlT0xFeFhXLVp5SVpYaDNJenM5ZDRXbDdxTFFaX1NILUxxZ0IEY29kZSoWCI7IEjDVh52e2cYkOgBCAFi73MH-BQ,,
https://padlet.com/,https://padlet.com/auth/login,,
https://www.wix.com/,https://users.wix.com/signin?view=sign-up&sendEmail=true&postSignUp=https:%2F%2Fwww.wix.com%2Fnew%2Fintro&loginCompName=Signup_H&referralInfo=Signup_H&postLogin=https:%2F%2Fwww.wix.com%2Fmy-account%2Fsites&overrideLocale=en&forceRender=true,,
https://www.youm7.com/,None,None,
https://www.amazon.ca/,https://www.amazon.ca/ap/signin?openid.pape.max_auth_age=0&openid.return_to=https%3A%2F%2Fwww.amazon.ca%2F%3Fref_%3Dnav_ya_signin&openid.identity=http%3A%2F%2Fspecs.openid.net%2Fauth%2F2.0%2Fidentifier_select&openid.assoc_handle=caflex&openid.mode=checkid_setup&openid.claimed_id=http%3A%2F%2Fspecs.openid.net%2Fauth%2F2.0%2Fidentifier_select&openid.ns=http%3A%2F%2Fspecs.openid.net%2Fauth%2F2.0&,,
https://www.sogou.com/,"<div class=""login-wrap"" id=""sogoLoginWrap"">",popup,
https://www.digikala.com/,https://www.digikala.com/users/login-register/?_back=https://www.digikala.com/,,
https://www.so.com/?src=haosou.com,"<div class=""quc-panel-hd"">",popup,
https://www.slideshare.net/,https://www2.slideshare.net/login,,
https://line.me/en/,None,None,
https://www.mediafire.com/,https://www.mediafire.com/login/,,
https://www.cnet.com/,"<h2 id=""authModalLabel"">",popup,
https://www.avito.ru/rossiya#login?authsrc=h,https://www.avito.ru/rossiya,,
https://www.liputan6.com/,https://www.liputan6.com/login?back-to=https%3A%2F%2Fwww.liputan6.com%2F,,
https://singapore.craigslist.org/,https://accounts.craigslist.org/login?rp=%2Flogin%2Fhome&rt=L,,
https://archive.org/,https://archive.org/account/login,,
https://suara.com/,https://www.arkadia.me/login/aHR0cCUzQSUyRiUyRnN1YXJhLmNvbSUyRg==,,
https://www.uol.com.br/,https://conta.uol.com.br/login?t=api-social&dest=https://www.uol.com.br/,,
https://www.setn.com/,None,None,
https://www.usps.com/,https://reg.usps.com/entreg/LoginAction_input?app=Phoenix&appURL=https://www.usps.com/,,
https://www.globo.com/,https://login.globo.com/login/6870/connect-confirm?url=https%3A%2F%2Fid.globo.com%2Fauth%2Frealms%2Fglobo.com%2Flogin-actions%2Fauthenticate%3Fsession_code%3DT34E9FbH7A5BN1BeQUkDXoWWg7ExznzOA5EXnHdUhKM%26execution%3D1c219005-5ee2-474e-841b-8439de30d406%26client_id%3Dbarra%2540apps.globoid%26tab_id%3DR-eAUH3afRc&error=,,
https://www.bestbuy.com/?intl=nosplash,https://www.bestbuy.com/identity/signin?token=tid%3Af7931715-39e8-11eb-9bfc-064475e1cf35,,
https://www.bestbuy.com,https://www.bestbuy.com/identity/signin?token=tid%3Af7931715-39e8-11eb-9bfc-064475e1cf35,,
https://www.tistory.com/,https://www.tistory.com/auth/login,,
http://www.rednet.cn/index.html,None,None,
https://www.arkadia.me/login/aHR0cCUzQSUyRiUyRnN1YXJhLmNvbSUyRg==,https://www.arkadia.me/login/aHR0cCUzQSUyRiUyRnN1YXJhLmNvbSUyRg==,Present,
https://kumparan.com/,https://kumparan.com/login,,
https://www.w3schools.com/,"<div class=""loginmodalform"">",popup,
https://www.merdeka.com/,None,None,
https://www.investing.com/,"<div id=""loginPopup"" class=""genPopup signingPopup displayNone"" style=""position: fixed; opacity: 1; top: 286.5px; left: 380px; display: block;"">",popup,
https://www.bukalapak.com/,https://www.bukalapak.com/login?from=nav_header&direct=1&comeback=https%3A%2F%2Fwww.bukalapak.com%2F%3Ffrom%3Dhttps%3A%2F%2Fwww.bukalapak.com%2F,,
https://ameblo.jp/,https://dauth.user.ameba.jp/ameba/login/direct?client_id=705dcb2302b98debdcc17fa6da7c91a06bbe9ad6038b4faf6ccbe943d0ce409c&redirect_uri=https%3A%2F%2Fblog.ameba.jp%2Fucs%2Fdauth%2Fcallback%2F%3FdauthCallbackToken%3D66168d2f-0729-3e36-bf7b-95399aefbd4b,,
https://www.ebay.de/,https://signin.ebay.de/ws/eBayISAPI.dll?SignIn&ru=https%3A%2F%2Fwww.ebay.de%2F,,
https://www.momoshop.com.tw/main/Main.jsp,"<div id=""ajaxLogin"" class=""openidBox"">",popup,
https://www.skype.com/en/,https://login.live.com/login.srf?wa=wsignin1.0&rpsnv=13&ct=1607496171&rver=7.1.6819.0&wp=MBI_SSL&wreply=https%3A%2F%2Flw.skype.com%2Flogin%2Foauth%2Fproxy%3Fclient_id%3D360605%26redirect_uri%3Dhttps%253A%252F%252Fsecure.skype.com%252Fportal%252Flogin%253Freturn_url%253Dhttps%25253A%25252F%25252Fsecure.skype.com%25252Fportal%25252Foverview%26response_type%3Dpostgrant%26state%3D0e44d56fff278d2393437679&lc=1033&id=293290&mkt=en-US&psi=skype&lw=1&cobrandid=2befc4b5-19e3-46e8-8347-77317a16a5a5&client_flight=ReservedFlight33%2CReservedFlight67,,
https://www.breitbart.com/,None,None,
https://www.webex.com/,https://web.webex.com/,,https://signin.webex.com/signin?surl=https%3A%2F%2Fsignin.webex.com%2Fcollabs%2Fauth%3Flanguage%3Den_US&language=en_US
https://www.metropoles.com/,None,None,
https://smallpdf.com/,"<div class=""nsfveb-0 hRJmNR"">",popup,
https://www.box.com/en-gb/home,https://account.box.com/login,,
https://www.yelp.com/,https://www.yelp.com/login,,
https://www.wikihow.com/Main-Page,"<div class=""oo-ui-processDialog-location"" style=""padding-left: 139px; padding-right: 139px>",popup,
https://www.blackboard.com/,None,None,
https://discord.com/,https://discord.com/login,,
https://www.51.la/,https://user.51.la/login?source=cms&redirect=https%3A%2F%2Fwww.51.la%2F,,
https://www.samsung.com/sg/,https://account.samsung.com/accounts/v1/DCGLSG/signInGate?response_type=code&client_id=9z5ss85h4x&locale=en_SG&countryCode=SG&redirect_uri=https:%2F%2Fwww.samsung.com%2Faemapi%2Fv6%2Fdata-login%2FafterLogin.sg.json&state=GLB0bfh3uyzqlp&goBackURL=https:%2F%2Fwww.samsung.com%2Fsg%2F&scope=,,
https://www.varzesh3.com/,https://account.varzesh3.com/auth?redirect_uri=http://www.varzesh3.com/AuthStep2?referer=http://www.varzesh3.com/&code=ZC3OUyQTUtmkdxgSBaAKjgEU4Y1PKDeJtdsgKx0cekRTobXi3q1HHglBTMzaSSfLgMjV9ohnPNDciiALaYqEqQ5aKEDvRqzdEaOh,,
https://www.homedepot.com/,https://www.homedepot.com/auth/view/signin?redirect=/&ref=null,,
https://iqbroker.com/,https://iqoption.com/en/login?_ga=2.170543971.278765368.1608542506-663102273.1608542506,,
https://www.hulu.com/welcome,"<div class=""modal--body"">",popup,
https://aliexpress.ru/,"<div class=""fm-dialog-body"">",popup,
https://www.lazada.sg/,https://member.lazada.sg/user/login?spm=a2o42.home.header.d5.654346b5AJL9dA&redirect=https%3A%2F%2Fwww.lazada.sg%2F,,
https://www.icicibank.com/,https://infinity.icicibank.com/corp/AuthenticationController?FORMSGROUP_ID__=AuthenticationFG&__START_TRAN_FLAG__=Y&FG_BUTTONS__=LOAD&ACTION.LOAD=Y&AuthenticationFG.LOGIN_FLAG=1&BANK_ID=ICI&ITM=nli_personalb_personal_login_btn&_ga=2.181566951.1133518060.1608542841-1232781846.1608542841&_gl=1*nd1faa*_ga*MTIzMjc4MTg0Ni4xNjA4NTQyODQx*_ga_SFRXTKFEML*MTYwODU0MjgxNy4xLjAuMTYwODU0MjkxMC41OQ..,,
https://www.cnbc.com/world/?region=world,"<div class=""AuthForms-toggleCta"">",popup,
https://www.taboola.com/,https://backstage.taboola.com/,,
https://www.nicovideo.jp/,https://account.nicovideo.jp/login?site=niconico&next_url=%2F&sec=header_pc&cmnhd_ref=device%3Dpc%26site%3Dniconico%26pos%3Dheader_login%26page%3Dtop,,
https://store.steampowered.com/,https://store.steampowered.com/login/?redir=&redir_ssl=1&snr=1_4_4__global-header,,
https://www.behance.net/,https://auth.services.adobe.com/en_US/index.html?callback=https%3A%2F%2Fims-na1.adobelogin.com%2Fims%2Fadobeid%2FBehanceWebSusi1%2FAdobeID%2Ftoken%3Fredirect_uri%3Dhttps%253A%252F%252Fwww.behance.net%252F%253Fisa0%253D1%2523from_ims%253Dtrue%2526old_hash%253D%2526api%253Dauthorize%26state%3D%257B%2522ac%2522%253A%2522behance.net%2522%252C%2522csrf%2522%253A%25220fc73673-ce6b-4352-a968-30a3b9e9e360%2522%252C%2522intent%2522%253A%2522signIn%2522%252C%2522version%2522%253A1%257D%26code_challenge_method%3Dplain%26use_ms_for_expiry%3Dtrue&client_id=BehanceWebSusi1&scope=AdobeID%2Copenid%2Cgnav%2Csao.cce_private%2Ccreative_cloud%2Ccreative_sdk%2Cbe.pro2.external_client%2Cadditional_info.roles&denied_callback=https%3A%2F%2Fims-na1.adobelogin.com%2Fims%2Fdenied%2FBehanceWebSusi1%3Fredirect_uri%3Dhttps%253A%252F%252Fwww.behance.net%252F%253Fisa0%253D1%2523from_ims%253Dtrue%2526old_hash%253D%2526api%253Dauthorize%26response_type%3Dtoken%26state%3D%257B%2522ac%2522%253A%2522behance.net%2522%252C%2522csrf%2522%253A%25220fc73673-ce6b-4352-a968-30a3b9e9e360%2522%252C%2522intent%2522%253A%2522signIn%2522%252C%2522version%2522%253A1%257D&state=%7B%22ac%22%3A%22behance.net%22%2C%22csrf%22%3A%220fc73673-ce6b-4352-a968-30a3b9e9e360%22%2C%22intent%22%3A%22signIn%22%2C%22version%22%3A1%7D&relay=78f1b0f5-246d-4a1f-866b-757faa90ae18&locale=en_US&flow_type=token&dctx_id=bhnc_22989526-955d-49e3-9a7d-f093e8f3dbf5&idp_flow_type=login,,
https://www.chegg.com/,https://www.chegg.com/auth?action=login&redirect=https%3A%2F%2Fwww.chegg.com%2F,,
https://www.capitalone.com/,https://verified.capitalone.com/auth/signin,,
https://www.dailymotion.com/sg,https://www.dailymotion.com/signin?urlback=%2Fsg,,
https://www.dailymail.co.uk/home/index.html,https://www.dailymail.co.uk/registration/login.html?reg_source=navigation&targetUrl=https://www.dailymail.co.uk/home/index.html,,
https://www.target.com/,https://login.target.com/gsp/static/v1/login/?client_id=ecom-web-1.0.0&ui_namespace=ui-default&back_button_action=browser&keep_me_signed_in=true&kmsi_default=false&actions=create_session_signin,,
https://www.ebay.co.uk/,https://signin.ebay.co.uk/ws/eBayISAPI.dll?SignIn&ru=https%3A%2F%2Fcart.payments.ebay.co.uk%2F,,
https://www.mercadolivre.com.br/,https://www.mercadolivre.com/jms/mlb/lgz/msl/login/H4sIAAAAAAAEAzWNQQ6DMAwE_-IzgnuO_UhkgoGoThM5pmmF-DtOpR53vDs-gfMWX16_hcABfQrHEBUGKIy6Zkk-LnZIbKhGpX-cewUFEylJBXd20UbLg2zUVStyJSvhobtfOTdjv1_GtmxhVy3VTVNrbUwkAZfM8S00hpzGWSa4BpNU9SoYnuBUDrpuLb8UMrAAAAA/user,,
https://hootsuite.com/,https://hootsuite.com/login?redirect=%2Fauth%2Fauthorize%3Fstate%3D0115a80910f7d344905c383d809e42ae%26response_type%3Dcode%26approval_prompt%3Dauto%26redirect_uri%3Dhttps%253A%252F%252Fhootsuite.com%252Flogin%252Foauth2complete%26client_id%3DNJ583PzkwibvhraAZGyz%26startExternalMethod%3D&oauth2Authorize=1&method=,,
https://www.blogger.com/about/?bpli=1&pli=1,https://accounts.google.com/AccountChooser/signinchooser?hl=en&service=blogger&ltmpl=blogger&continue=https%3A%2F%2Fwww.blogger.com%2Fhome&flowName=GlifWebSignIn&flowEntry=AccountChooser,,
https://www.manoramaonline.com/home.html,https://id.manoramaonline.com/login?client_id=mm-online-live&continue=c7f31215-1790-43c9-a03b-71b67457aadc||mm-online-live,,
https://www.wsj.com/,https://accounts.wsj.com/login?target=https%3A%2F%2Fwww.wsj.com%2F,,
https://www.scribd.com/,"<div class=""content options_screen"">",popup,
https://www.coursera.org/,https://www.coursera.org/?authMode=login,,
https://www.investopedia.com/,https://www.investopedia.com/auth/realms/investopedia/shopify-auth/inv-simulator/login?&redirectUrl=https%3A%2F%2Fwww.investopedia.com%2Fauth%2Frealms%2Finvestopedia%2Fprotocol%2Fopenid-connect%2Fauth%3Fresponse_type%3Dcode%26approval_prompt%3Dauto%26redirect_uri%3Dhttps%253A%252F%252Fwww.investopedia.com%252Fsimulator%252Fhome.aspx%26client_id%3Dinv-simulator-conf,,
https://www.jianshu.com/,https://www.jianshu.com/sign_in,,
https://www8.hp.com/sg/en/home.html,https://login.id.hp.com/login-ui?flow=https://directory.id.hp.com/directory/v1/authentication/login/AWGh19gjTkfe4BkNCgWKH1qxUBTzAAAAAAAAAAAG9u5SnUFI-2vXMottP7v-S3CWyX2mSDMxWMTCjpS4xEk9FR2e7X21oqj6zA7XWJ6bYS3bT6A1oQ5LraE-TpJ8JvemtSiBhcBMuFeyPK0KCgPa1XvifZ541H_CKHFIiuKQwGCCWiIoGfu5TLp8QlAwKvFkn7g8JwMe-wQ3dv9W7PF6drXN5dAWOc55nJPUvG5w3xEwwMsllUawC8mpeCFi5AWNMEe6SMQU8bV1pLOFKaW7VnMRkzUn4xI9N8X9yUSCn-ov3rOzO-pBkebX4ZmGvUc0qtCnOPPir71T4cgcKRMMBObOdXLcPzQXcK8nqKjK8h0iXlZ0899DQE7_iQhzE_2z1ReX31E4_HsPEnELGjwX9wmR5igx7gyn6268j8y4LNvMxjkAruuredDiW9ixx6LDCOs6xMRtIfcGLmHfPm1FPUhfgOz2GVLo0R0EadQMfXF02fpatfR7nugAlHghJdwOuOQZ5Fadfw4SKgvPBhg5g560tAIuRrGbmN9gaeSKKLT1fjl98oChRFH1weqXwtpB5wM0jppnBNlc4OSTC4gm6VI4nq9SXLPi3PsSpYxcBLxiUTRg6UpRuarVWowaP_E_BBehX4PUA0KCSFbPQfUtUdk0iBwNgObGlQZqbm7dXbnbKqPdyvrbPUWCjyfW&country=SG&locale=en_SG,,
https://www.rambler.ru/,None,,
https://patch.com/,https://patch.com/login,,
https://www.fidelity.com/,https://digital.fidelity.com/prgw/digital/login/full-page?AuthRedUrl=https://oltx.fidelity.com/ftgw/fbc/ofsummary/defaultPage,present,
http://cnnic.cn/,None,,
https://sg.op.gg/,None,,
https://www.amazon.it/,https://www.amazon.it/ap/signin?openid.pape.max_auth_age=0&openid.return_to=https%3A%2F%2Fwww.amazon.it%2F%3Fref_%3Dnav_signin&openid.identity=http%3A%2F%2Fspecs.openid.net%2Fauth%2F2.0%2Fidentifier_select&openid.assoc_handle=itflex&openid.mode=checkid_setup&openid.claimed_id=http%3A%2F%2Fspecs.openid.net%2Fauth%2F2.0%2Fidentifier_select&openid.ns=http%3A%2F%2Fspecs.openid.net%2Fauth%2F2.0&,,
https://www.mercadolibre.com.ar/,https://www.mercadolibre.com/jms/mla/lgz/login?platform_id=ML&go=https%3A%2F%2Fwww.mercadolibre.com.ar%2F&loginType=explicit#nav-header,,
https://fc2.com/,https://fc2.com/en/login.php,,
https://www.wikimedia.org/,None,,
https://www.ladbible.com/,None,,
https://www.weebly.com/sg,https://www.weebly.com/app/front-door/signin?path=login#/,,
https://www.mercadolibre.com.mx/,https://www.mercadolibre.com/jms/mlm/lgz/login?platform_id=ML&go=https%3A%2F%2Fwww.mercadolibre.com.mx%2F&loginType=explicit#nav-header,,
http://www.51sole.com/,https://user.51sole.com/,,
https://www.istockphoto.com/,https://www.istockphoto.com/sign-in?returnurl=%2F,,
https://www.ask.com/,None,,
https://www.squarespace.com/,https://login.squarespace.com/api/1/login/oauth/provider/authorize?client_id=qNgYXXcY8Fa8M&redirect_uri=https%3A%2F%2Fwww.squarespace.com%2Fauth%2Foauth%2Fconnect%3FdestinationUrl%3Dhttps%253A%252F%252Fwww.squarespace.com%252Fauth%252Fprotected-redirect%252Flogin%253Flocation%253Dhttps%25253A%25252F%25252Faccount.squarespace.com&state=1%3A1608988750%3A5E%2FWjgZvkfoy7GNjMh9kiwrAbZch3OtfHliRuv%2FPjog%3D&overrideLocale=en-US&options=%7B%22isCloseVisible%22%3Atrue%2C%22isCreateAccountViewActive%22%3Afalse%7D#/,,
https://www.reverso.net/text_translation.aspx?lang=EN,https://account.reverso.net/Account/Login?returnUrl=https%3A%2F%2Fwww.reverso.net%2F&lang=en,,
https://shaparak.ir/,https://shaparak.ir/members/auth/login,,
https://www.wildberries.ru/,https://www.wildberries.ru/security/login?returnUrl=https%3A%2F%2Fwww.wildberries.ru%2F,,
https://www.academia.edu/,https://www.academia.edu/login,,
https://www.geeksforgeeks.org/,"<div class=""login-register-div"">",popup,
https://www.hdfcbank.com/,https://netbanking.hdfcbank.com/netbanking/?_ga=2.127928652.1982621035.1608988728-2002058266.1608988728,,
https://www.fiverr.com/,"<div class=""sign-in-form""> ",popup,
https://gm.58.com/glsingapore-sl/,None,,
https://www.telewebion.com/,"<img _ngcontent-tw-c62="""" alt=""login"" src=""https://static.televebion.net/web/images/login-registration-background.png"">",popup,
https://www.360.cn/,https://i.360.cn/login/?src=pcw_home&destUrl=https://www.360.cn/,,
https://www.pinterest.com/,"<div data-test-id=""full-page-signup-close-button"" class=""KO4 MIw QLY jar oy8 p6V rDA zI7 iyn Hsu"" style=""height: 40px; width: 40px;"">",popup,
https://www.sberbank.ru/en/individualclients,https://online.sberbank.ru/CSAFront/index.do#/,,
https://www.ndtv.com/,None,,
https://www.idntimes.com/,https://community.idntimes.com/login,,
https://www.chinaz.com/,"<div class=""loginMain"">",popup,
https://www.zhihu.com/signin?next=%2F,https://www.zhihu.com/signin?next=%2F,present,
https://www.mozilla.org/en-GB/,None,,
https://www.glassdoor.com/index.htm,,present,
https://www.schoology.com/,https://app.schoology.com/login,,
https://www.abs-cbn.com/,None,,
https://www.cambridge.org/,None,,
https://www.atlassian.com/,https://id.atlassian.com/login?continue=https%3A%2F%2Fid.atlassian.com%2Fstart%3FatlOrigin%3DeyJpIjoiZTQwZGJmZGI5ZjI1NDBlMzhkYjgzZjQxNTg5ZWFiYTMiLCJwIjoid2FjLWdsb2JhbGRyb3Bkb3duIn0,,
https://yts.mx/,"<div class=""modal-login-content"">",popup,
https://www.adp.com/,https://www.adp.com/logins.aspx,,
https://www.realtor.com/,"<div data-testid=""common-screen-v2"" class=""sc-psCJM fqvzyR"">",popup,
https://www.ouedkniss.com/,https://www.ouedkniss.com/membre/connexion/,,
https://www.aol.com/,https://login.aol.com/?src=fp-us&client_id=dj0yJmk9ZXRrOURhMkt6bkl5JnM9Y29uc3VtZXJzZWNyZXQmc3Y9MCZ4PWQ2&crumb=90mGZTFArjZ&intl=us&redirect_uri=https%3A%2F%2Foidc.www.aol.com%2Fcallback&.done=https%3A%2F%2Fapi.login.aol.com%2Foauth2%2Fauthorize%3Fclient_id%3Ddj0yJmk9ZXRrOURhMkt6bkl5JnM9Y29uc3VtZXJzZWNyZXQmc3Y9MCZ4PWQ2%26intl%3Dus%26nonce%3DE2bqwcWzyZf4umZ8dxAuKqEMJMrK6JGd%26redirect_uri%3Dhttps%253A%252F%252Foidc.www.aol.com%252Fcallback%26response_type%3Dcode%26scope%3Dmail-r%2Bopenid%2Bopenid2%2Bsdps-r%26src%3Dfp-us%26state%3DeyJhbGciOiJSUzI1NiIsImtpZCI6IjZmZjk0Y2RhZDExZTdjM2FjMDhkYzllYzNjNDQ4NDRiODdlMzY0ZjcifQ.eyJyZWRpcmVjdFVyaSI6Imh0dHBzOi8vd3d3LmFvbC5jb20vIn0.hlDqNBD0JrMZmY2k9lEi6-BfRidXnogtJt8aI-q2FdbvKg9c9EhckG0QVK5frTlhV8HY7Mato7D3ek-Nt078Z_i9Ug0gn53H3vkBoYG-J-SMqJt5MzG34rxdOa92nZlQ7nKaNrAI7K9s72YQchPBn433vFbOGBCkU_ZC_4NXa9E,,
https://www.airbnb.com.sg/?_set_bev_on_new_domain=1608989611_OWIwYTc3YmRmN2M2,"<div role=""dialog"" aria-label=""Log in"" class=""_my6j2s"" style=""position: relative;"">",popup,
https://www.patria.org.ve/login,https://www.patria.org.ve/login,Present,
https://en.softonic.com/,None,,
https://www.qoo10.sg/?__ar=Y,https://www.qoo10.sg/gmkt.inc/Login/Login.aspx,,
https://www.xfinity.com/,https://customer.xfinity.com/#,,
https://www.chess.com/,https://www.chess.com/login_and_go?returnUrl=https%3A%2F%2Fwww.chess.com%2F,,
https://www.umeng.com/,https://passport.umeng.com/login?redirectURL=https%3A%2F%2Fwww.umeng.com%2F,,
https://www.gamepedia.com/,https://fandomauth.gamepedia.com/signin?redirect=https://help.gamepedia.com/Gamepedia_Help_Wiki,,
https://www.verizon.com/,https://sso.verizonenterprise.com/amserver/sso/login.go,,https://secure.verizon.com/vzauth/UI/Login
https://www.moneycontrol.com/,"<div class=""signwrap"">",popup,
https://www.trustpilot.com/,https://www.trustpilot.com/users/connect?redirect=/,,
https://www.hurriyet.com.tr/,"<div class=""login-popup"">",popup,
https://www.bloomberg.com/asia,https://www.bloomberg.com/account/signup?in_source=login_direct,,
https://www.rt.com/,None,,
https://www.dell.com/en-sg,https://www.dell.com/Identity/global/LoginOrRegister/acff05dd-f32e-499a-8f0b-c86c93cdfe76?c=sg&l=en&r=ap&s=corp&~ck=mn&redirectUrl=https%3A%2F%2Fwww.dell.com%2Fen-sg&pn=LoginOrRegister&feir=1,,
https://www.wayfair.com/,https://www.wayfair.com/v/account/authentication/login?url=https%3A%2F%2Fwww.wayfair.com%2Fv%2Faccount%2Fwelcome%2Fshow,,
https://www.nike.com/sg/,"<form id=""nike-unite-loginForm"" class=""nike-unite-form"">",popup,
https://www.patreon.com/,https://www.patreon.com/login,,
https://www.goodreads.com/,https://www.goodreads.com/,Present,
https://www.coinbase.com/,https://www.coinbase.com/signin,,
https://slack.com/intl/en-sg/,https://slack.com/signin#/signin,,
https://www.ensonhaber.com/,"<div class=""fancybox-content"" style="""">",popup,
https://www.naukri.com/,"<div class=""login-layer"">",popup,
https://www.att.com/,https://www.att.com/acctmgmt/login,,
http://elintransigente.com/,None,,
https://www.beytoote.com/,None,,
https://www.messenger.com/,https://www.messenger.com/,Present,
https://www.zendesk.com/,https://www.zendesk.com/login/,,
https://www.state.gov/,None,,
https://www.surveymonkey.com/,https://www.surveymonkey.com/user/sign-in/?ut_source=homepage&ut_source3=megamenu,,
https://www.usatoday.com/,https://login.usatoday.com/USAT-GUP/authenticate?success-url=https%3A%2F%2Fwww.usatoday.com%2F&cancel-url=https%3A%2F%2Fwww.usatoday.com%2F,,
http://www.gmw.cn/,http://mail.gmw.cn/,,
https://www.tutorialspoint.com/index.htm,https://www.tutorialspoint.com/videotutorials/login.php,,
https://www.zoho.com/,https://accounts.zoho.com/signin?servicename=ZohoHome&signupurl=https://www.zoho.com/signup.html,,
https://www.premierleague.com/,https://users.premierleague.com/?redirect_uri=https://www.premierleague.com/&app=pl-web,,
https://iyiou.com/,https://iyiou.com/login,,
https://www.costco.com/,https://www.costco.com/LogonForm,,
https://www.reuters.com/,None,,
https://www.filimo.com/,https://www.filimo.com/signin,,
https://shopee.tw/,https://shopee.tw/buyer/login/signup?next=https%3A%2F%2Fshopee.tw%2F,,
https://www.runoob.com/,None,,
https://azure.microsoft.com/en-us/,https://login.microsoftonline.com/common/oauth2/authorize?client_id=23523755-3a2b-41ca-9315-f81f3f566a95&response_type=id_token%20code&scope=openid%2Cemail%2Cprofile&state=OpenIdConnect.AuthenticationProperties%3DBoyPZfri1RP92uwVt4jIiqOorNQj9d_jjaAgS0vR_0LQVbNWr-C5x3bNlNgyTU3QTKn_BWc3tmqrDdq1Ev5pbckzIYI&response_mode=form_post&nonce=637446347616148806.ZjViNmNjMDMtZDQ1MS00YmQyLTkwOWUtNWNiMGQ1MzdhN2ZkZWExNzllZGUtMzM3OC00NDc4LTkzYjMtYWQ2NjY0NDA5NWUz&redirect_uri=https%3A%2F%2Fazure.microsoft.com%2F&post_logout_redirect_uri=https%3A%2F%2Fazure.microsoft.com&x-client-SKU=ID_NET461&x-client-ver=5.3.0.0,,
https://oxu.az/,None,,
https://www.hostinger.com/,https://www.hostinger.com/cpanel-login,,
http://soso.com/,None,,
https://www.loom.com/,https://www.loom.com/login,,
https://www.clickfunnels.com/,https://app.clickfunnels.com/users/sign_in,,
http://81.cn/,None,,
https://www.gsmarena.com/,"<form action=""login.php3"" method=""post"">",popup,
https://www.biobiochile.cl/,None,,
https://issuu.com/,https://issuu.com/signin?onLogin=%2F&issuu_product=header&issuu_subproduct=anon_home&issuu_context=signin&issuu_cta=log_up,,
https://www.epicgames.com/store/en-US/,https://www.epicgames.com/id/login?lang=en-US&noHostRedirect=true&redirectUrl=https%3A%2F%2Fwww.epicgames.com%2Fstore%2Fen-US%2F&client_id=875a3b57d3a640a6b7f9b4e883463ab4,,
https://www.in.gr/,None,,
https://www.khanacademy.org/,"<label for=""uid-identity-text-field-2-password"">",popup,
https://www.canada.ca/home.html,None,,
https://www.tdameritrade.com/home.page,https://invest.ameritrade.com/grid/p/login,,
https://9gag.com/,"<section id=""signup"">",popup,
https://www.wowhead.com/,https://www.wowhead.com/account=signin,,
https://giphy.com/,https://giphy.com/login,,
https://www.intipseleb.com/,https://allegro.pl/login/form?authorization_uri=https%3A%2F%2Fallegro.pl%2Fauth%2Foauth%2Fauthorize%3Fclient_id%3Dtb5SFf3cRxEyspDN%26redirect_uri%3Dhttps%3A%2F%2Fallegro.pl%2Flogin%2Fauth%26response_type%3Dcode%26state%3Dq8iYG3&oauth=true,,
https://www.dbs.com.sg/index/default.page,https://internet-banking.dbs.com.sg/IB/Welcome,,
https://www.marca.com/,https://seguro.marca.com/registro/v3/?view=login&url_redirect=https%3A%2F%2Fwww.marca.com%2F,,
https://www.asos.com/,https://my.asos.com/identity/login?signin=b49eb392ae03acad3f5cac69d04aaab1,,
https://shopee.co.id/,https://shopee.co.id/buyer/login?next=https%3A%2F%2Fshopee.co.id%2Fm%2Fyear-end-sale-shopee-candy-day-026%3Fsmtt%3D200.105326&smtt=200.105326,,
https://www.kapanlagi.com/,None,,
https://www.mheducation.com/,https://www.aleks.com/login,,https://connect.mheducation.com/connect/login/index.htm?&BRANDING_VARIANT_KEY=en_us_default_default&node=connect_app_11_20
https://www.namasha.com/,https://www.blogsky.com/login?service=namasha.com&returnurl=https%3a%2f%2fwww.namasha.com%2flogin,,
https://kakaku.com/,https://ssl.kakaku.com/auth/id/login.asp,,
https://www.marketwatch.com/,https://sso.accounts.dowjones.com/login?state=g6Fo2SBfLUktaHI4NkF1dFlWSVpFM2xia2tpVW9meWFtbWtybaN0aWTZIDFLclJHbzhEb2pXVVgyWVlUVVNlaTR0UzZpQ1VsTDBro2NpZNkgNWhzc0VBZE15MG1KVElDbkpOdkM5VFhFdzNWYTdqZk8&client=5hssEAdMy0mJTICnJNvC9TXEw3Va7jfO&protocol=oauth2&scope=openid%20idp_id%20given_name%20family_name%20email%20djid%20prts%20suuid&response_type=code&redirect_uri=https%3A%2F%2Faccounts.marketwatch.com%2Fauth%2Fsso%2Flogin&nonce=b6a0d010-f417-499b-a3b7-97ccec04ce4c&ui_locales=en-us-x-mw-3-8&ns=prod%2Faccounts-mw&savelogin=on#!/signin,,
https://www.alodokter.com/,"<div id=""loginFormModal"" class=""modal-content-full"">",popup,
https://www.ebay-kleinanzeigen.de/,https://www.ebay-kleinanzeigen.de/m-einloggen.html?targetUrl=/,,
https://www.td.com/ca/en/about-td/,None,,
https://www.westernjournal.com/,https://my.getadmiral.com/login/A-5B48EA38CEF64B227D00CBA0-1?offerID=&returnURL=https%3A%2F%2Fwww.westernjournal.com%2F&realmSessionID=2-25d332e85b634b77-b2b2c3d3-47f1-11eb-8ffd-0ed63ae41d27&metadata=%7B%22tcID%22%3Anull%7D,,
https://www.oschina.net/,https://www.oschina.net/home/login?goto_page=https%3A%2F%2Fwww.oschina.net%2F,,
http://www.gusuwang.com/,http://www.gusuwang.com/logging.php?action=login&gourl=http://www.gusuwang.com,,
https://www.google.com.ua/?gws_rd=ssl,https://accounts.google.com/signin/v2/identifier?hl=en&passive=true&continue=https%3A%2F%2Fwww.google.com.ua%2F%3Fgws_rd%3Dssl&ec=GAZAAQ&flowName=GlifWebSignIn&flowEntry=ServiceLogin,,
https://www.bankofamerica.com/,https://www.bankofamerica.com/,Present,
https://www.hotmart.com/en,https://app-vlc.hotmart.com/login,,
https://pixabay.com/,https://pixabay.com/accounts/login/?source=main_nav&next=/,,
https://www.wish.com/,https://www.wish.com/,Present,
https://ballotpedia.org/Main_Page,None,,
https://ebc.net.tw/,"<div class=""login_message"">",popup,
https://www.wellsfargo.com/,https://www.wellsfargo.com/,Present,
https://tabelog.com/,https://tabelog.com/account/login/,,
https://pixabay.com/,https://pixabay.com/accounts/login/?source=main_nav&next=/,,
https://www.quora.com/,https://www.quora.com/,Present,
https://www.alnaharegypt.com/,None,,
https://www.google.co.ve/?gws_rd=ssl,https://accounts.google.com/ServiceLogin?hl=en&passive=true&continue=https://www.google.co.ve/%3Fgws_rd%3Dssl&ec=GAZAAQ,,
https://www.npr.org/,https://secure.npr.org/oauth2/login,,
https://divar.ir/,None,,
https://www.outbrain.com/,https://my.outbrain.com/login,,
https://bitbucket.org/,https://id.atlassian.com/login?application=bitbucket&continue=https%3A%2F%2Fbitbucket.org%2Faccount%2Fsignin%2F%3FredirectCount%3D1%26next%3D%252F,,
https://huaban.com/,"<div class=""login"" style=""display: block;"">",popup,
https://linktr.ee/,https://linktr.ee/login,,
https://yc58.com/,https://yc58.com/User/userlogin.asp,,
https://discord.com/,https://discord.com/login,,
https://www.coursehero.com/,https://www.coursehero.com/login/?ref=login&__chid=94891a79-f2d7-41c7-8b82-fffb375f04a7,,
https://www.gismeteo.ru/,None,,
https://www.ea.com/,https://signin.ea.com/p/web2/login?execution=e1462600194s1&initref=https%3A%2F%2Faccounts.ea.com%3A443%2Fconnect%2Fauth%3Fresponse_type%3Dcode%26redirect_uri%3Dhttps%253A%252F%252Fwww.ea.com%252Flogin_check%26state%3D88b78261-f05f-4957-b0b4-3fccc4847c5e%26client_id%3DEADOTCOM-WEB-SERVER,,
https://www.dcard.tw/f,https://www.dcard.tw/signup,,
https://ria.ru/,"<div class=""modal__preset"" id=""modalAuth"">",popup,
https://www.justdial.com/,"<div class=""modal-content"">",popup,
https://nypost.com/,None,,
https://www.brilio.net/#a-3,"<div class=""popup2"">",popup,
https://mailchimp.com/,https://login.mailchimp.com/,,
https://www.ywart.com/,https://www.ywart.com/login,,
http://atharori.net/,https://login.adf.ly/login,,
https://bitradez.com/,https://id.bitradez.com/Account/Login?ReturnUrl=%2Fconnect%2Fauthorize%2Fcallback%3Fclient_id%3Dieo.bitradez.com%26redirect_uri%3Dhttps%253A%252F%252Fieo.bitradez.com%252Fauth%252Fcallback%26response_type%3Dcode%26scope%3Dopenid%2520profile%2520offline_access%26state%3D7c8bdcf9274341fea0cad6e580d2a898%26code_challenge%3DK2aFPBVROHG5itPcMEiPy7-VzaES4KeCK4WumhEJcdQ%26code_challenge_method%3DS256%26response_mode%3Dquery,,
https://www.oracle.com/index.html,https://login.oracle.com/mysso/signon.jsp,,https://tbe.taleo.net/login/index.html
https://zippyshare.com/,https://zippyshare.com/,Present,
https://www.blockchain.com/,https://login.blockchain.com/#/login,,
https://www.dhl.com/en.html,None,,
https://www.ninisite.com/,https://www.ninisite.com/imen/login?returnurl=%2F,,
https://www.hm.com/entrance.ahtml?orguri=%2F,"<form id=""modal-theLoginForm"">",popup,
https://www.redbubble.com/,https://www.redbubble.com/auth/login,,
https://wordpress.org/,https://login.wordpress.org/?locale=en_US,,
https://www.cnnindonesia.com/,https://connect.detik.com/auth/login/?redirectUrl=https%3A%2F%2Fwww.cnnindonesia.com%2Fauthorize%3Fu%3Dhttps%253A%252F%252Fwww.cnnindonesia.com%252F&clientId=10027,,
https://www.macys.com/international/context,None,,
https://www.kompasiana.com/,https://account.kompasiana.com/login/a29tcGFzaWFuYQ==/aHR0cHM6Ly93d3cua29tcGFzaWFuYS5jb20v,,
https://www.lowes.com/,"<div class=""modal-header-title"">",popup,
https://www.elsevier.com/en-xs,https://account.elsevier.com/auth,,
https://www.seznam.cz/,https://login.szn.cz/?service=homepage&return_url=https%3A%2F%2Flogin.seznam.cz%2FloginDone%3Fservice%3Dhomepage%26return_url%3Dhttps%253A%252F%252Fwww.seznam.cz%252F,,
https://www.espncricinfo.com/,None,,
https://tudou.com/,"<form id=""login-form"" class=""login-form"">",popup,
https://www.pearson.com/,None,,
https://www.mileroticos.com/,https://www.mileroticos.com/user-panel/login/,,
https://sg.shein.com/?ref=www&rep=dir&ret=sg,https://sg.shein.com/user/auth/login?direction=nav,,
https://www.orange.fr/portail,https://login.orange.fr/?return_url=https://www.orange.fr/portail,,
https://www.wp.pl/,https://1login.wp.pl/zaloguj?login_challenge=Ci4KIGIxZDZkM2U3ZGQyMDQ4OTJiM2MzYmEwMzIwODA5MmUzEOamoP8FGgQKAndwEiBhEPyb7QuU3xMBO89sJU4YSnz6Zab3hOx2FD3spcwEMQ,,
https://quizizz.com/,https://quizizz.com/login,,
https://www.fun48.com/,None,,
https://v2ex.com/,https://v2ex.com/signin,,
https://www.cdc.gov/,None,,
https://www.google.az/?gws_rd=ssl,https://accounts.google.com/ServiceLogin?hl=en&passive=true&continue=https://www.google.az/%3Fgws_rd%3Dssl&ec=GAZAAQ,,
https://www.schwab.com/,https://www.schwab.com/,Present,
https://onlyfans.com/,https://onlyfans.com/,Present,
http://storiespace.com/,None,,
https://www.ecosia.org/,https://www.ecosia.org/account/login,,
https://www.wondershare.com/,https://accounts.wondershare.com/web/login?redirect_uri=https%3A%2F%2Fwww.wondershare.com%2F&source=&site=www.wondershare.com&_ga=2.119207503.799994751.1609041346-1256013333.1609041346,,
https://www.americanexpress.com/sg/,https://www.americanexpress.com/en-sg/account/login?inav=sg_utility_login,,
https://www.gongchang.com/,https://user.gongchang.com/l.php,,
https://dnevnik.ru/,https://login.dnevnik.ru/login,,
http://www.youth.cn/,None,,
https://www.milliyet.com.tr/,None,,
http://www.winshang.com/index.html,"<div class=""loginh"">",popup,
https://www.17track.net/en,https://user.17track.net/en?gb=https%3A%2F%2Fwww.17track.net%2Fen,,
https://www.aajtak.in/,https://auth.indiatoday.in/user?ReturnTo=https%3A%2F%2Fauth.indiatoday.in%2Fsimplesaml%2Fmodule.php%2Fdrupalauth%2Fresume.php%3FState%3D_cea72f9745eaed327f36daed2b1d8f358814322a54%253Ahttps%253A%252F%252Fauth.indiatoday.in%252Fsimplesaml%252Fmodule.php%252Fcore%252Fas_login.php%253FAuthId%253Ddrupal-userpass%2526ReturnTo%253Dhttps%25253A%25252F%25252Fauth.indiatoday.in%25252Fsaml_login%25252Fother%25252FaHR0cHM6Ly93d3cuYWFqdGFrLmluI3Nzb2xvZ2luPTE%25253D,,
https://wordpress.com/,https://wordpress.com/log-in?redirect_to=https%3A%2F%2Fwordpress.com%2F,,
https://donya-e-eqtesad.com/,None,,
http://www.livedoor.com/,https://member.livedoor.com/register/input?.sv=top,,
https://www.wattpad.com/,"<div id=""authentication-panel"" class=""login-form"">",popup,
https://www.addthis.com/,https://www.addthis.com/login?next=/dashboard,,
https://www.eatthis.com/,None,,
https://trontv.com/#!/,None,,
https://www.lifo.gr/,None,,
https://payu.in/,https://onboarding.payu.in/app/account,,
https://portal.kundelik.kz/,https://login.kundelik.kz/login,,
https://www.prothomalo.com/,https://auth.prothomalo.com/sign-in-page?redirect-url=https%3A%2F%2Fwww.prothomalo.com%2F&callback-url=https%3A%2F%2Fwww.prothomalo.com,,
https://en.uptodown.com/windows,"<form id=""register-login-form"" class=""access"">",popup,
https://www.gmx.net/?origin=lpc,https://www.gmx.net/?origin=lpc,Present,
http://www.huamu.cn/,http://office.huamu.cn/login.aspx,,
https://www.duolingo.com/,https://www.duolingo.com/?isLoggingIn=true,,
https://indianexpress.com/,https://accounts.indianexpress.com/oauth2/authorize/?client_id=indianexpress-03&response_type=code&redirect_uri=https://indianexpress.com/accountredirects/&request_uri=https%3A%2F%2Findianexpress.com%2F&state=1wAabe,,
https://www.meituan.com/,https://passport.meituan.com/account/unitivelogin?service=www&continue=https%3A%2F%2Fwww.meituan.com%2Faccount%2Fsettoken%3Fcontinue%3Dhttps%253A%252F%252Fwww.meituan.com%252F,,
https://www.impress.co.jp/,None,,
https://www.rediff.com/,https://mail.rediff.com/cgi-bin/login.cgi,,
https://www.pchome.com.tw/,https://member.pchome.com.tw/login.html?ref=https://www.pchome.com.tw/,,
https://znanija.com/,https://znanija.com/login?entry=2,,
https://www.jpnn.com/,None,,
http://eba.gov.tr/#/anasayfa,None,,
https://www.memurlar.net/,https://www.memurlar.net/global/security/memberlogin.aspx,,
https://www.nfl.com/,https://www.nfl.com/account/sign-in,,
https://www.newegg.com/#,https://secure.newegg.com/identity/signin?tk=6fa057c4c7b84962beb88d17f3d6dfd131217e,,
https://www.futbin.com/,https://www.futbin.com/account/login,,
https://www.arcgis.com/index.html,https://www.arcgis.com/sharing/rest/oauth2/authorize?client_id=arcgisonline&display=default&response_type=token&state=%7B%22useLandingPage%22%3Atrue%7D&expiration=20160&locale=en-us&redirect_uri=https%3A%2F%2Fwww.arcgis.com%2Fhome%2Faccountswitcher-callback.html&force_login=true&hideCancel=true&showSignupOption=true&canHandleCrossOrgSignIn=true&signuptype=esri&redirectToUserOrgUrl=true,,
https://www.iobit.com/en/index.php?s,None,,
https://www.techradar.com/sg,None,,
https://www.smm.cn/,https://user.smm.cn/login?referer=https%3A%2F%2Fwww.smm.cn%2F,,
http://www.sonhoo.com/,http://login.sonhoo.com/login/wxscanlogin/scan_deal.aspx,,
https://www.cnbcindonesia.com/,https://connect.detik.com/auth/login/?redirectUrl=http%3A%2F%2Fwww.cnbcindonesia.com%2Fauthorize%3Fu%3Dhttp%253A%252F%252Fwww.cnbcindonesia.com%252F&clientId=10178&ui=popup,,
https://www.jb51.net/,None,,
https://www.skroutz.gr/,"<div id=""login-contents"" class=""login-signup-main login"">",popup,
https://alltopposts.com/feed/,None,,
https://bitexworld.com/,https://bitexworld.com/account/login,,
https://www.independent.co.uk/?CMP=ILC-refresh,"<a href=""/register"" class=""sc-fzoyAV dCGgOz"">",popup,
https://www.lenovo.com/sg/en/,https://www.lenovo.com/sg/en/login,,
https://www.mseav.com/,https://www.mseav.com/user/login.html,,
https://sg.norton.com/,https://login.norton.com/sso/idp/SAML2?SAMLRequest=nZFfa8IwFMW%2FSsm7TRvFsVAL4hgICkM3GHuRkF41rM11ubf%2B%2Bfar1TkfhA0fk5yb8zvnZsOa134GXzUQR%2Fuq9KT3VAzEmnmjpdztdvGuG2NYSZUkqXyfTuZ2DZURF7H7W9xxnth4CyIaE9Uwbo88ECpRSSdVHfXwmvS06uu0Gyf9R5X20g8RPTVMzht26E8e1JiUuHI%2B9hgYfWyxkkQoXbGR8%2BF0okT0jMFCm2oglqak1vPFELktXG6GRBCO%2F47QU11BmEPYOgtvs8mvU3W4thkX4NnxQQ6txdqzJLfyzndOknMdA1EHr9GQI%2B1NBaTZ6iOYVnGiNwEZLZYiz9oawn%2BGzA%2BqyO8By%2BTJKs%2FOS4aiLacJzrDnaITVxgRHx4phbyw3cNeCUdkAzGB5J%2BrNbZGpykUzsGgKWboSJLrCLoy1QLRg%2FISG%2BhZDnsmbIfKz%2FPyYfwM%3D&SigAlg=http%3A%2F%2Fwww.w3.org%2F2001%2F04%2Fxmldsig-more%23rsa-sha256&Signature=PHxR5TpF4zbDPDp%2BXYUMnvIpAmPlooDFsaPsVhsM6eIEEOq3yXYhAU87ubAAYZAfPw767N86sfoA5kb08aW1Igu%2FXl97m1Sup4xkf20tjgPS0fYHIbwotWKyVpO4OFrNJnXd1Gmtp%2BMOE8xVMRss1qv7ZKtSFys9XevwG0kapNnzfqHy7cfDusWx1pSi7MAnET7V1bREtbwb%2FwZNQwNf2AU4c3n296RYKKf2XnxoLJgdPf3QhjiBzY7DaCI%2BoxxdkXCBXFuDOkE0g5Jc2Wq062EM9KABrz7WQXMWaoompHjc9focSPYxLi5FxC3r%2FEGuKl7H3%2F6ygBR1QzyR8aH0AQ%3D%3D&displang=eng&displocale=USA&inid=nortoncom_nav_download_homepage:home,,
https://www.ozon.ru/,"<div class="""" id=""loginOrRegistration"">",popup,
https://www.wiley.com/en-sg,https://customer.sg.wiley.com/CGI-BIN/lansaweb?procfun+shopcart+shcfn11+funcparms+parmurl(l0350):https%3A%2F%2Fwww.wiley.com%2Fen-sg,,
https://lenta.ru/,"<form novalidate="""" class="" -visor-no-click"" >",popup,
https://www.cisco.com/c/en_sg/index.html?country-redirect=true,https://cloudsso.cisco.com/as/authorization.oauth2?response_type=code&client_id=wam_prod_ac&redirect_uri=https%3A%2F%2Fwww.cisco.com%2Fpa%2Foidc%2Fcb&state=eyJ6aXAiOiJERUYiLCJhbGciOiJkaXIiLCJlbmMiOiJBMTI4Q0JDLUhTMjU2Iiwia2lkIjoiYSIsInN1ZmZpeCI6IjRBbU1CQi4xNjA5MDQzODM3In0..PplxG2z1aXnsYE7I7uCX0w.iIGxP5hRb6ZdHidm5az9nDj4ScIQyemRab9Wjyam5XMT9U3Ei8Ko1TPijOIkdfLZsLmo6GIF_h_NwfTin_2r32NOpYxaMkqOWk_1PKofOwNxBqJHcD9mNeuJAjBMyo2a.-KKkv14e_wmjCAyJQ4WMxA&nonce=zmFQfQJ9W_pMHRPA49gPbWeOdln-faVlJJEC04Pdtn4&acr_values=stdnomfa&scope=openid%20profile%20address%20email%20phone&vnd_pi_requested_resource=https%3A%2F%2Fwww.cisco.com%2Fc%2Flogin%2Findex.html%3Freferer%3D%2Fc%2Fen_sg%2Findex.html&vnd_pi_application_name=CDCprod-www,,
https://www.ultimate-guitar.com/,"<section class=""TVSW7 _1xu3k"">",popup,
https://www.mseav.com/,https://www.mseav.com/user/login.html,,
https://www.mathrubhumi.com/,None,,
https://www.reclameaqui.com.br/,https://auth.reclameaqui.com.br/auth/realms/reclameaqui/protocol/openid-connect/auth?client_id=sitepublico&redirect_uri=https%3A%2F%2Fwww.reclameaqui.com.br%2F&state=6ab0aa2d-76ba-42fd-9a5e-6fddde09ab8d&response_mode=fragment&response_type=code&scope=openid&nonce=ada095c3-4ea6-4976-83f2-37b670cb199b,,
https://gyazo.com/,https://gyazo.com/login,,
https://www.britannica.com/,"<input title=""username"" id=""username"" class=""form-control"" name=""username"" required="""" placeholder=""Username or email"" autofocus="""">",popup,
https://www.gmarket.co.kr/,https://signinssl.gmarket.co.kr/LogIn/LogIn?URL=http://myg.gmarket.co.kr/,,
https://www.india.com/,https://user.india.com/sso/prelogin?source=indiadotcom&utm_source=https://www.india.com/&utm_medium=Direct&ru=https://www.india.com,,
https://sea.ign.com/,https://www.ign.com/sign-in?mobile_fallback=1&redirect=https%3A%2F%2Fsea.ign.com%2Fmyign.iframe,,
https://www.ivi.tv/,"<input data-test=""input_login"" name=""email"" autocomplete=""on"" class=""nbl-input__editbox"" value="""">",popup,
https://www.tahiamasr.com/,None,,
http://www.ccaonline.cn/,"<input type=""text"" name=""username"" tabindex=""2"" spellcheck=""false"" autocomplete=""off"" class="""">",popup,
https://www.vidio.com/,https://www.vidio.com/users/login,,
https://saednews.com/fa,None,,
https://themeforest.net/,"<input tabindex=""0"" name=""username"" class=""fds-c-form-input -type-string"" size=""50"" type=""text"" required="""" value="""">",popup,
